Method;Job;AnalyzeLaunchVariance;EvaluateOverhead;MaxAbsoluteError;MaxRelativeError;MinInvokeCount;MinIterationTime;OutlierMode;Affinity;EnvironmentVariables;Jit;LargeAddressAware;Platform;PowerPlanMode;Runtime;AllowVeryLargeObjects;Concurrent;CpuGroups;Force;HeapAffinitizeMask;HeapCount;NoAffinitize;RetainVm;Server;Arguments;BuildConfiguration;Clock;EngineFactory;NuGetReferences;IsMutator;InvocationCount;IterationCount;IterationTime;LaunchCount;MaxIterationCount;MaxWarmupIterationCount;MemoryRandomization;MinIterationCount;MinWarmupIterationCount;RunStrategy;UnrollFactor;WarmupCount;Size;Hit;Mean;Error;StdDev;Ratio;RatioSD;Allocated;Alloc Ratio
Lookup_Equatable;.NET 10.0;False;Default;Default;Default;Default;Default;Default;1111111111111111111111111111111111111111111111111111111111111111;Empty;RyuJit;Default;X64;8c5e7fda-e8bf-4a96-9a85-a6e23a8c635c;.NET 10.0;False;True;False;True;Default;Default;False;False;False;Default;Default;Default;Default;Default;Default;Default;Default;Default;Default;Default;Default;Default;Default;Default;Default;16;Default;16;False;"1,975.1 ns";9.03 ns;8.45 ns;1.00;0.01;0 B;NA
Lookup_Equatable;.NET 8.0;False;Default;Default;Default;Default;Default;Default;1111111111111111111111111111111111111111111111111111111111111111;Empty;RyuJit;Default;X64;8c5e7fda-e8bf-4a96-9a85-a6e23a8c635c;.NET 8.0;False;True;False;True;Default;Default;False;False;False;Default;Default;Default;Default;Default;Default;Default;Default;Default;Default;Default;Default;Default;Default;Default;Default;16;Default;16;False;"2,135.1 ns";9.88 ns;9.24 ns;1.08;0.01;0 B;NA
Lookup_Equatable;.NET 9.0;False;Default;Default;Default;Default;Default;Default;1111111111111111111111111111111111111111111111111111111111111111;Empty;RyuJit;Default;X64;8c5e7fda-e8bf-4a96-9a85-a6e23a8c635c;.NET 9.0;False;True;False;True;Default;Default;False;False;False;Default;Default;Default;Default;Default;Default;Default;Default;Default;Default;Default;Default;Default;Default;Default;Default;16;Default;16;False;"1,754.4 ns";7.92 ns;7.41 ns;0.89;0.01;0 B;NA
Lookup_Cascade;.NET 10.0;False;Default;Default;Default;Default;Default;Default;1111111111111111111111111111111111111111111111111111111111111111;Empty;RyuJit;Default;X64;8c5e7fda-e8bf-4a96-9a85-a6e23a8c635c;.NET 10.0;False;True;False;True;Default;Default;False;False;False;Default;Default;Default;Default;Default;Default;Default;Default;Default;Default;Default;Default;Default;Default;Default;Default;16;Default;16;False;"1,017.0 ns";6.55 ns;5.11 ns;1.00;0.01;0 B;NA
Lookup_Cascade;.NET 8.0;False;Default;Default;Default;Default;Default;Default;1111111111111111111111111111111111111111111111111111111111111111;Empty;RyuJit;Default;X64;8c5e7fda-e8bf-4a96-9a85-a6e23a8c635c;.NET 8.0;False;True;False;True;Default;Default;False;False;False;Default;Default;Default;Default;Default;Default;Default;Default;Default;Default;Default;Default;Default;Default;Default;Default;16;Default;16;False;"1,030.7 ns";3.00 ns;2.80 ns;1.01;0.01;0 B;NA
Lookup_Cascade;.NET 9.0;False;Default;Default;Default;Default;Default;Default;1111111111111111111111111111111111111111111111111111111111111111;Empty;RyuJit;Default;X64;8c5e7fda-e8bf-4a96-9a85-a6e23a8c635c;.NET 9.0;False;True;False;True;Default;Default;False;False;False;Default;Default;Default;Default;Default;Default;Default;Default;Default;Default;Default;Default;Default;Default;Default;Default;16;Default;16;False;"1,003.6 ns";12.09 ns;10.72 ns;0.99;0.01;0 B;NA
Lookup_Record;.NET 10.0;False;Default;Default;Default;Default;Default;Default;1111111111111111111111111111111111111111111111111111111111111111;Empty;RyuJit;Default;X64;8c5e7fda-e8bf-4a96-9a85-a6e23a8c635c;.NET 10.0;False;True;False;True;Default;Default;False;False;False;Default;Default;Default;Default;Default;Default;Default;Default;Default;Default;Default;Default;Default;Default;Default;Default;16;Default;16;False;"1,182.0 ns";4.58 ns;3.58 ns;1.00;0.00;0 B;NA
Lookup_Record;.NET 8.0;False;Default;Default;Default;Default;Default;Default;1111111111111111111111111111111111111111111111111111111111111111;Empty;RyuJit;Default;X64;8c5e7fda-e8bf-4a96-9a85-a6e23a8c635c;.NET 8.0;False;True;False;True;Default;Default;False;False;False;Default;Default;Default;Default;Default;Default;Default;Default;Default;Default;Default;Default;Default;Default;Default;Default;16;Default;16;False;"1,180.1 ns";7.69 ns;7.19 ns;1.00;0.01;0 B;NA
Lookup_Record;.NET 9.0;False;Default;Default;Default;Default;Default;Default;1111111111111111111111111111111111111111111111111111111111111111;Empty;RyuJit;Default;X64;8c5e7fda-e8bf-4a96-9a85-a6e23a8c635c;.NET 9.0;False;True;False;True;Default;Default;False;False;False;Default;Default;Default;Default;Default;Default;Default;Default;Default;Default;Default;Default;Default;Default;Default;Default;16;Default;16;False;"1,013.7 ns";5.84 ns;5.18 ns;0.86;0.00;0 B;NA
Lookup_Equatable;.NET 10.0;False;Default;Default;Default;Default;Default;Default;1111111111111111111111111111111111111111111111111111111111111111;Empty;RyuJit;Default;X64;8c5e7fda-e8bf-4a96-9a85-a6e23a8c635c;.NET 10.0;False;True;False;True;Default;Default;False;False;False;Default;Default;Default;Default;Default;Default;Default;Default;Default;Default;Default;Default;Default;Default;Default;Default;16;Default;16;True;"2,404.6 ns";36.00 ns;33.67 ns;1.00;0.02;0 B;NA
Lookup_Equatable;.NET 8.0;False;Default;Default;Default;Default;Default;Default;1111111111111111111111111111111111111111111111111111111111111111;Empty;RyuJit;Default;X64;8c5e7fda-e8bf-4a96-9a85-a6e23a8c635c;.NET 8.0;False;True;False;True;Default;Default;False;False;False;Default;Default;Default;Default;Default;Default;Default;Default;Default;Default;Default;Default;Default;Default;Default;Default;16;Default;16;True;"2,702.8 ns";26.42 ns;24.72 ns;1.12;0.02;0 B;NA
Lookup_Equatable;.NET 9.0;False;Default;Default;Default;Default;Default;Default;1111111111111111111111111111111111111111111111111111111111111111;Empty;RyuJit;Default;X64;8c5e7fda-e8bf-4a96-9a85-a6e23a8c635c;.NET 9.0;False;True;False;True;Default;Default;False;False;False;Default;Default;Default;Default;Default;Default;Default;Default;Default;Default;Default;Default;Default;Default;Default;Default;16;Default;16;True;"2,408.8 ns";12.17 ns;10.79 ns;1.00;0.01;0 B;NA
Lookup_Cascade;.NET 10.0;False;Default;Default;Default;Default;Default;Default;1111111111111111111111111111111111111111111111111111111111111111;Empty;RyuJit;Default;X64;8c5e7fda-e8bf-4a96-9a85-a6e23a8c635c;.NET 10.0;False;True;False;True;Default;Default;False;False;False;Default;Default;Default;Default;Default;Default;Default;Default;Default;Default;Default;Default;Default;Default;Default;Default;16;Default;16;True;"1,317.2 ns";17.12 ns;15.17 ns;1.00;0.02;0 B;NA
Lookup_Cascade;.NET 8.0;False;Default;Default;Default;Default;Default;Default;1111111111111111111111111111111111111111111111111111111111111111;Empty;RyuJit;Default;X64;8c5e7fda-e8bf-4a96-9a85-a6e23a8c635c;.NET 8.0;False;True;False;True;Default;Default;False;False;False;Default;Default;Default;Default;Default;Default;Default;Default;Default;Default;Default;Default;Default;Default;Default;Default;16;Default;16;True;"1,355.7 ns";26.78 ns;25.05 ns;1.03;0.02;0 B;NA
Lookup_Cascade;.NET 9.0;False;Default;Default;Default;Default;Default;Default;1111111111111111111111111111111111111111111111111111111111111111;Empty;RyuJit;Default;X64;8c5e7fda-e8bf-4a96-9a85-a6e23a8c635c;.NET 9.0;False;True;False;True;Default;Default;False;False;False;Default;Default;Default;Default;Default;Default;Default;Default;Default;Default;Default;Default;Default;Default;Default;Default;16;Default;16;True;"1,110.8 ns";3.96 ns;3.31 ns;0.84;0.01;0 B;NA
Lookup_Record;.NET 10.0;False;Default;Default;Default;Default;Default;Default;1111111111111111111111111111111111111111111111111111111111111111;Empty;RyuJit;Default;X64;8c5e7fda-e8bf-4a96-9a85-a6e23a8c635c;.NET 10.0;False;True;False;True;Default;Default;False;False;False;Default;Default;Default;Default;Default;Default;Default;Default;Default;Default;Default;Default;Default;Default;Default;Default;16;Default;16;True;"1,283.6 ns";7.89 ns;6.59 ns;1.00;0.01;0 B;NA
Lookup_Record;.NET 8.0;False;Default;Default;Default;Default;Default;Default;1111111111111111111111111111111111111111111111111111111111111111;Empty;RyuJit;Default;X64;8c5e7fda-e8bf-4a96-9a85-a6e23a8c635c;.NET 8.0;False;True;False;True;Default;Default;False;False;False;Default;Default;Default;Default;Default;Default;Default;Default;Default;Default;Default;Default;Default;Default;Default;Default;16;Default;16;True;"1,389.6 ns";6.35 ns;5.63 ns;1.08;0.01;0 B;NA
Lookup_Record;.NET 9.0;False;Default;Default;Default;Default;Default;Default;1111111111111111111111111111111111111111111111111111111111111111;Empty;RyuJit;Default;X64;8c5e7fda-e8bf-4a96-9a85-a6e23a8c635c;.NET 9.0;False;True;False;True;Default;Default;False;False;False;Default;Default;Default;Default;Default;Default;Default;Default;Default;Default;Default;Default;Default;Default;Default;Default;16;Default;16;True;"1,134.2 ns";15.68 ns;14.67 ns;0.88;0.01;0 B;NA
Lookup_Equatable;.NET 10.0;False;Default;Default;Default;Default;Default;Default;1111111111111111111111111111111111111111111111111111111111111111;Empty;RyuJit;Default;X64;8c5e7fda-e8bf-4a96-9a85-a6e23a8c635c;.NET 10.0;False;True;False;True;Default;Default;False;False;False;Default;Default;Default;Default;Default;Default;Default;Default;Default;Default;Default;Default;Default;Default;Default;Default;16;Default;1000;False;"1,823.0 ns";15.14 ns;14.16 ns;1.00;0.01;0 B;NA
Lookup_Equatable;.NET 8.0;False;Default;Default;Default;Default;Default;Default;1111111111111111111111111111111111111111111111111111111111111111;Empty;RyuJit;Default;X64;8c5e7fda-e8bf-4a96-9a85-a6e23a8c635c;.NET 8.0;False;True;False;True;Default;Default;False;False;False;Default;Default;Default;Default;Default;Default;Default;Default;Default;Default;Default;Default;Default;Default;Default;Default;16;Default;1000;False;"2,175.4 ns";13.60 ns;12.06 ns;1.19;0.01;0 B;NA
Lookup_Equatable;.NET 9.0;False;Default;Default;Default;Default;Default;Default;1111111111111111111111111111111111111111111111111111111111111111;Empty;RyuJit;Default;X64;8c5e7fda-e8bf-4a96-9a85-a6e23a8c635c;.NET 9.0;False;True;False;True;Default;Default;False;False;False;Default;Default;Default;Default;Default;Default;Default;Default;Default;Default;Default;Default;Default;Default;Default;Default;16;Default;1000;False;"1,888.7 ns";37.52 ns;43.21 ns;1.04;0.02;0 B;NA
Lookup_Cascade;.NET 10.0;False;Default;Default;Default;Default;Default;Default;1111111111111111111111111111111111111111111111111111111111111111;Empty;RyuJit;Default;X64;8c5e7fda-e8bf-4a96-9a85-a6e23a8c635c;.NET 10.0;False;True;False;True;Default;Default;False;False;False;Default;Default;Default;Default;Default;Default;Default;Default;Default;Default;Default;Default;Default;Default;Default;Default;16;Default;1000;False;"1,101.4 ns";7.77 ns;6.88 ns;1.00;0.01;0 B;NA
Lookup_Cascade;.NET 8.0;False;Default;Default;Default;Default;Default;Default;1111111111111111111111111111111111111111111111111111111111111111;Empty;RyuJit;Default;X64;8c5e7fda-e8bf-4a96-9a85-a6e23a8c635c;.NET 8.0;False;True;False;True;Default;Default;False;False;False;Default;Default;Default;Default;Default;Default;Default;Default;Default;Default;Default;Default;Default;Default;Default;Default;16;Default;1000;False;"1,096.5 ns";6.32 ns;5.60 ns;1.00;0.01;0 B;NA
Lookup_Cascade;.NET 9.0;False;Default;Default;Default;Default;Default;Default;1111111111111111111111111111111111111111111111111111111111111111;Empty;RyuJit;Default;X64;8c5e7fda-e8bf-4a96-9a85-a6e23a8c635c;.NET 9.0;False;True;False;True;Default;Default;False;False;False;Default;Default;Default;Default;Default;Default;Default;Default;Default;Default;Default;Default;Default;Default;Default;Default;16;Default;1000;False;"1,049.0 ns";5.62 ns;4.99 ns;0.95;0.01;0 B;NA
Lookup_Record;.NET 10.0;False;Default;Default;Default;Default;Default;Default;1111111111111111111111111111111111111111111111111111111111111111;Empty;RyuJit;Default;X64;8c5e7fda-e8bf-4a96-9a85-a6e23a8c635c;.NET 10.0;False;True;False;True;Default;Default;False;False;False;Default;Default;Default;Default;Default;Default;Default;Default;Default;Default;Default;Default;Default;Default;Default;Default;16;Default;1000;False;"1,249.8 ns";6.58 ns;5.83 ns;1.00;0.01;0 B;NA
Lookup_Record;.NET 8.0;False;Default;Default;Default;Default;Default;Default;1111111111111111111111111111111111111111111111111111111111111111;Empty;RyuJit;Default;X64;8c5e7fda-e8bf-4a96-9a85-a6e23a8c635c;.NET 8.0;False;True;False;True;Default;Default;False;False;False;Default;Default;Default;Default;Default;Default;Default;Default;Default;Default;Default;Default;Default;Default;Default;Default;16;Default;1000;False;"1,196.7 ns";6.34 ns;5.29 ns;0.96;0.01;0 B;NA
Lookup_Record;.NET 9.0;False;Default;Default;Default;Default;Default;Default;1111111111111111111111111111111111111111111111111111111111111111;Empty;RyuJit;Default;X64;8c5e7fda-e8bf-4a96-9a85-a6e23a8c635c;.NET 9.0;False;True;False;True;Default;Default;False;False;False;Default;Default;Default;Default;Default;Default;Default;Default;Default;Default;Default;Default;Default;Default;Default;Default;16;Default;1000;False;"1,079.5 ns";6.82 ns;6.05 ns;0.86;0.01;0 B;NA
Lookup_Equatable;.NET 10.0;False;Default;Default;Default;Default;Default;Default;1111111111111111111111111111111111111111111111111111111111111111;Empty;RyuJit;Default;X64;8c5e7fda-e8bf-4a96-9a85-a6e23a8c635c;.NET 10.0;False;True;False;True;Default;Default;False;False;False;Default;Default;Default;Default;Default;Default;Default;Default;Default;Default;Default;Default;Default;Default;Default;Default;16;Default;1000;True;"2,419.7 ns";8.90 ns;7.89 ns;1.00;0.00;0 B;NA
Lookup_Equatable;.NET 8.0;False;Default;Default;Default;Default;Default;Default;1111111111111111111111111111111111111111111111111111111111111111;Empty;RyuJit;Default;X64;8c5e7fda-e8bf-4a96-9a85-a6e23a8c635c;.NET 8.0;False;True;False;True;Default;Default;False;False;False;Default;Default;Default;Default;Default;Default;Default;Default;Default;Default;Default;Default;Default;Default;Default;Default;16;Default;1000;True;"2,816.0 ns";14.69 ns;13.74 ns;1.16;0.01;0 B;NA
Lookup_Equatable;.NET 9.0;False;Default;Default;Default;Default;Default;Default;1111111111111111111111111111111111111111111111111111111111111111;Empty;RyuJit;Default;X64;8c5e7fda-e8bf-4a96-9a85-a6e23a8c635c;.NET 9.0;False;True;False;True;Default;Default;False;False;False;Default;Default;Default;Default;Default;Default;Default;Default;Default;Default;Default;Default;Default;Default;Default;Default;16;Default;1000;True;"2,446.9 ns";14.58 ns;12.93 ns;1.01;0.01;0 B;NA
Lookup_Cascade;.NET 10.0;False;Default;Default;Default;Default;Default;Default;1111111111111111111111111111111111111111111111111111111111111111;Empty;RyuJit;Default;X64;8c5e7fda-e8bf-4a96-9a85-a6e23a8c635c;.NET 10.0;False;True;False;True;Default;Default;False;False;False;Default;Default;Default;Default;Default;Default;Default;Default;Default;Default;Default;Default;Default;Default;Default;Default;16;Default;1000;True;"1,456.1 ns";28.28 ns;26.45 ns;1.00;0.02;0 B;NA
Lookup_Cascade;.NET 8.0;False;Default;Default;Default;Default;Default;Default;1111111111111111111111111111111111111111111111111111111111111111;Empty;RyuJit;Default;X64;8c5e7fda-e8bf-4a96-9a85-a6e23a8c635c;.NET 8.0;False;True;False;True;Default;Default;False;False;False;Default;Default;Default;Default;Default;Default;Default;Default;Default;Default;Default;Default;Default;Default;Default;Default;16;Default;1000;True;"1,460.2 ns";8.45 ns;7.49 ns;1.00;0.02;0 B;NA
Lookup_Cascade;.NET 9.0;False;Default;Default;Default;Default;Default;Default;1111111111111111111111111111111111111111111111111111111111111111;Empty;RyuJit;Default;X64;8c5e7fda-e8bf-4a96-9a85-a6e23a8c635c;.NET 9.0;False;True;False;True;Default;Default;False;False;False;Default;Default;Default;Default;Default;Default;Default;Default;Default;Default;Default;Default;Default;Default;Default;Default;16;Default;1000;True;"1,214.3 ns";9.90 ns;8.78 ns;0.83;0.02;0 B;NA
Lookup_Record;.NET 10.0;False;Default;Default;Default;Default;Default;Default;1111111111111111111111111111111111111111111111111111111111111111;Empty;RyuJit;Default;X64;8c5e7fda-e8bf-4a96-9a85-a6e23a8c635c;.NET 10.0;False;True;False;True;Default;Default;False;False;False;Default;Default;Default;Default;Default;Default;Default;Default;Default;Default;Default;Default;Default;Default;Default;Default;16;Default;1000;True;"1,406.8 ns";4.04 ns;3.38 ns;1.00;0.00;0 B;NA
Lookup_Record;.NET 8.0;False;Default;Default;Default;Default;Default;Default;1111111111111111111111111111111111111111111111111111111111111111;Empty;RyuJit;Default;X64;8c5e7fda-e8bf-4a96-9a85-a6e23a8c635c;.NET 8.0;False;True;False;True;Default;Default;False;False;False;Default;Default;Default;Default;Default;Default;Default;Default;Default;Default;Default;Default;Default;Default;Default;Default;16;Default;1000;True;"1,538.2 ns";10.97 ns;10.26 ns;1.09;0.01;0 B;NA
Lookup_Record;.NET 9.0;False;Default;Default;Default;Default;Default;Default;1111111111111111111111111111111111111111111111111111111111111111;Empty;RyuJit;Default;X64;8c5e7fda-e8bf-4a96-9a85-a6e23a8c635c;.NET 9.0;False;True;False;True;Default;Default;False;False;False;Default;Default;Default;Default;Default;Default;Default;Default;Default;Default;Default;Default;Default;Default;Default;Default;16;Default;1000;True;"1,224.2 ns";23.41 ns;21.90 ns;0.87;0.02;0 B;NA
Lookup_Equatable;.NET 10.0;False;Default;Default;Default;Default;Default;Default;1111111111111111111111111111111111111111111111111111111111111111;Empty;RyuJit;Default;X64;8c5e7fda-e8bf-4a96-9a85-a6e23a8c635c;.NET 10.0;False;True;False;True;Default;Default;False;False;False;Default;Default;Default;Default;Default;Default;Default;Default;Default;Default;Default;Default;Default;Default;Default;Default;16;Default;100000;False;"2,234.8 ns";17.00 ns;15.07 ns;1.00;0.01;0 B;NA
Lookup_Equatable;.NET 8.0;False;Default;Default;Default;Default;Default;Default;1111111111111111111111111111111111111111111111111111111111111111;Empty;RyuJit;Default;X64;8c5e7fda-e8bf-4a96-9a85-a6e23a8c635c;.NET 8.0;False;True;False;True;Default;Default;False;False;False;Default;Default;Default;Default;Default;Default;Default;Default;Default;Default;Default;Default;Default;Default;Default;Default;16;Default;100000;False;"2,445.7 ns";7.61 ns;5.94 ns;1.09;0.01;0 B;NA
Lookup_Equatable;.NET 9.0;False;Default;Default;Default;Default;Default;Default;1111111111111111111111111111111111111111111111111111111111111111;Empty;RyuJit;Default;X64;8c5e7fda-e8bf-4a96-9a85-a6e23a8c635c;.NET 9.0;False;True;False;True;Default;Default;False;False;False;Default;Default;Default;Default;Default;Default;Default;Default;Default;Default;Default;Default;Default;Default;Default;Default;16;Default;100000;False;"2,718.8 ns";43.04 ns;40.26 ns;1.22;0.02;0 B;NA
Lookup_Cascade;.NET 10.0;False;Default;Default;Default;Default;Default;Default;1111111111111111111111111111111111111111111111111111111111111111;Empty;RyuJit;Default;X64;8c5e7fda-e8bf-4a96-9a85-a6e23a8c635c;.NET 10.0;False;True;False;True;Default;Default;False;False;False;Default;Default;Default;Default;Default;Default;Default;Default;Default;Default;Default;Default;Default;Default;Default;Default;16;Default;100000;False;"1,013.6 ns";8.96 ns;7.48 ns;1.00;0.01;0 B;NA
Lookup_Cascade;.NET 8.0;False;Default;Default;Default;Default;Default;Default;1111111111111111111111111111111111111111111111111111111111111111;Empty;RyuJit;Default;X64;8c5e7fda-e8bf-4a96-9a85-a6e23a8c635c;.NET 8.0;False;True;False;True;Default;Default;False;False;False;Default;Default;Default;Default;Default;Default;Default;Default;Default;Default;Default;Default;Default;Default;Default;Default;16;Default;100000;False;985.2 ns;5.54 ns;5.18 ns;0.97;0.01;0 B;NA
Lookup_Cascade;.NET 9.0;False;Default;Default;Default;Default;Default;Default;1111111111111111111111111111111111111111111111111111111111111111;Empty;RyuJit;Default;X64;8c5e7fda-e8bf-4a96-9a85-a6e23a8c635c;.NET 9.0;False;True;False;True;Default;Default;False;False;False;Default;Default;Default;Default;Default;Default;Default;Default;Default;Default;Default;Default;Default;Default;Default;Default;16;Default;100000;False;"1,533.5 ns";28.98 ns;27.11 ns;1.51;0.03;0 B;NA
Lookup_Record;.NET 10.0;False;Default;Default;Default;Default;Default;Default;1111111111111111111111111111111111111111111111111111111111111111;Empty;RyuJit;Default;X64;8c5e7fda-e8bf-4a96-9a85-a6e23a8c635c;.NET 10.0;False;True;False;True;Default;Default;False;False;False;Default;Default;Default;Default;Default;Default;Default;Default;Default;Default;Default;Default;Default;Default;Default;Default;16;Default;100000;False;"1,103.0 ns";4.99 ns;4.16 ns;1.00;0.01;0 B;NA
Lookup_Record;.NET 8.0;False;Default;Default;Default;Default;Default;Default;1111111111111111111111111111111111111111111111111111111111111111;Empty;RyuJit;Default;X64;8c5e7fda-e8bf-4a96-9a85-a6e23a8c635c;.NET 8.0;False;True;False;True;Default;Default;False;False;False;Default;Default;Default;Default;Default;Default;Default;Default;Default;Default;Default;Default;Default;Default;Default;Default;16;Default;100000;False;"1,014.7 ns";9.49 ns;8.87 ns;0.92;0.01;0 B;NA
Lookup_Record;.NET 9.0;False;Default;Default;Default;Default;Default;Default;1111111111111111111111111111111111111111111111111111111111111111;Empty;RyuJit;Default;X64;8c5e7fda-e8bf-4a96-9a85-a6e23a8c635c;.NET 9.0;False;True;False;True;Default;Default;False;False;False;Default;Default;Default;Default;Default;Default;Default;Default;Default;Default;Default;Default;Default;Default;Default;Default;16;Default;100000;False;"1,574.4 ns";10.21 ns;9.05 ns;1.43;0.01;0 B;NA
Lookup_Equatable;.NET 10.0;False;Default;Default;Default;Default;Default;Default;1111111111111111111111111111111111111111111111111111111111111111;Empty;RyuJit;Default;X64;8c5e7fda-e8bf-4a96-9a85-a6e23a8c635c;.NET 10.0;False;True;False;True;Default;Default;False;False;False;Default;Default;Default;Default;Default;Default;Default;Default;Default;Default;Default;Default;Default;Default;Default;Default;16;Default;100000;True;"2,947.2 ns";14.31 ns;12.68 ns;1.00;0.01;0 B;NA
Lookup_Equatable;.NET 8.0;False;Default;Default;Default;Default;Default;Default;1111111111111111111111111111111111111111111111111111111111111111;Empty;RyuJit;Default;X64;8c5e7fda-e8bf-4a96-9a85-a6e23a8c635c;.NET 8.0;False;True;False;True;Default;Default;False;False;False;Default;Default;Default;Default;Default;Default;Default;Default;Default;Default;Default;Default;Default;Default;Default;Default;16;Default;100000;True;"3,489.3 ns";14.55 ns;13.61 ns;1.18;0.01;0 B;NA
Lookup_Equatable;.NET 9.0;False;Default;Default;Default;Default;Default;Default;1111111111111111111111111111111111111111111111111111111111111111;Empty;RyuJit;Default;X64;8c5e7fda-e8bf-4a96-9a85-a6e23a8c635c;.NET 9.0;False;True;False;True;Default;Default;False;False;False;Default;Default;Default;Default;Default;Default;Default;Default;Default;Default;Default;Default;Default;Default;Default;Default;16;Default;100000;True;"3,666.1 ns";16.04 ns;15.00 ns;1.24;0.01;0 B;NA
Lookup_Cascade;.NET 10.0;False;Default;Default;Default;Default;Default;Default;1111111111111111111111111111111111111111111111111111111111111111;Empty;RyuJit;Default;X64;8c5e7fda-e8bf-4a96-9a85-a6e23a8c635c;.NET 10.0;False;True;False;True;Default;Default;False;False;False;Default;Default;Default;Default;Default;Default;Default;Default;Default;Default;Default;Default;Default;Default;Default;Default;16;Default;100000;True;"1,491.3 ns";19.58 ns;17.36 ns;1.00;0.02;0 B;NA
Lookup_Cascade;.NET 8.0;False;Default;Default;Default;Default;Default;Default;1111111111111111111111111111111111111111111111111111111111111111;Empty;RyuJit;Default;X64;8c5e7fda-e8bf-4a96-9a85-a6e23a8c635c;.NET 8.0;False;True;False;True;Default;Default;False;False;False;Default;Default;Default;Default;Default;Default;Default;Default;Default;Default;Default;Default;Default;Default;Default;Default;16;Default;100000;True;"1,516.3 ns";28.52 ns;28.01 ns;1.02;0.02;0 B;NA
Lookup_Cascade;.NET 9.0;False;Default;Default;Default;Default;Default;Default;1111111111111111111111111111111111111111111111111111111111111111;Empty;RyuJit;Default;X64;8c5e7fda-e8bf-4a96-9a85-a6e23a8c635c;.NET 9.0;False;True;False;True;Default;Default;False;False;False;Default;Default;Default;Default;Default;Default;Default;Default;Default;Default;Default;Default;Default;Default;Default;Default;16;Default;100000;True;"1,929.8 ns";35.02 ns;32.76 ns;1.29;0.03;0 B;NA
Lookup_Record;.NET 10.0;False;Default;Default;Default;Default;Default;Default;1111111111111111111111111111111111111111111111111111111111111111;Empty;RyuJit;Default;X64;8c5e7fda-e8bf-4a96-9a85-a6e23a8c635c;.NET 10.0;False;True;False;True;Default;Default;False;False;False;Default;Default;Default;Default;Default;Default;Default;Default;Default;Default;Default;Default;Default;Default;Default;Default;16;Default;100000;True;"1,463.7 ns";3.18 ns;2.82 ns;1.00;0.00;0 B;NA
Lookup_Record;.NET 8.0;False;Default;Default;Default;Default;Default;Default;1111111111111111111111111111111111111111111111111111111111111111;Empty;RyuJit;Default;X64;8c5e7fda-e8bf-4a96-9a85-a6e23a8c635c;.NET 8.0;False;True;False;True;Default;Default;False;False;False;Default;Default;Default;Default;Default;Default;Default;Default;Default;Default;Default;Default;Default;Default;Default;Default;16;Default;100000;True;"1,576.1 ns";5.64 ns;4.71 ns;1.08;0.00;0 B;NA
Lookup_Record;.NET 9.0;False;Default;Default;Default;Default;Default;Default;1111111111111111111111111111111111111111111111111111111111111111;Empty;RyuJit;Default;X64;8c5e7fda-e8bf-4a96-9a85-a6e23a8c635c;.NET 9.0;False;True;False;True;Default;Default;False;False;False;Default;Default;Default;Default;Default;Default;Default;Default;Default;Default;Default;Default;Default;Default;Default;Default;16;Default;100000;True;"1,913.3 ns";14.24 ns;12.62 ns;1.31;0.01;0 B;NA
